{
  "language.name": "Portuguese (Portugal)",
  "language.code": "pt-PT",
  "language.native_name": "Português (Portugal)",
  "search.placeholder": "Pesquisar na web...",
  "demo.weather.location": "Localização",
  "demo.weather.condition": "Sunholder",
  "demo.install": "Adicionar ao {browser}",
  "time.format.default": "%H:%M:%S",
  "date.format.default": "%e. %B %Y",
  "date.days.long.monday": "Segunda-feira",
  "date.days.long.tuesday": "Terça-feira",
  "date.days.long.wednesday": "Quarta-feira",
  "date.days.long.thursday": "Quinta-feira",
  "date.days.long.friday": "Sexta-feira",
  "date.days.long.saturday": "Sábado",
  "date.days.long.sunday": "Domingo",
  "date.days.short.monday": "Mon",
  "date.days.short.tuesday": "Tue",
  "date.days.short.wednesday": "Wed",
  "date.days.short.thursday": "Thu",
  "date.days.short.friday": "Fri",
  "date.days.short.saturday": "Sat",
  "date.days.short.sunday": "Sun",
  "date.months.long.january": "January",
  "date.months.long.february": "February",
  "date.months.long.march": "March",
  "date.months.long.april": "April",
  "date.months.long.may": "May",
  "date.months.long.june": "June",
  "date.months.long.july": "July",
  "date.months.long.august": "August",
  "date.months.long.september": "September",
  "date.months.long.october": "October",
  "date.months.long.november": "November",
  "date.months.long.december": "December",
  "date.months.short.january": "Jan",
  "date.months.short.february": "Feb",
  "date.months.short.march": "Mar",
  "date.months.short.april": "Apr",
  "date.months.short.may": "May",
  "date.months.short.june": "Jun",
  "date.months.short.july": "Jul",
  "date.months.short.august": "Aug",
  "date.months.short.september": "Sep",
  "date.months.short.october": "Oct",
  "date.months.short.november": "Nov",
  "date.months.short.december": "Dec",
  "weather.clearsky": "Clear sky",
  "weather.cloudy": "Cloudy",
  "weather.fair": "Fair",
  "weather.fog": "Fog",
  "weather.heavyrain": "Heavy rain",
  "weather.heavyrainandthunder": "Heavy rain and thunder",
  "weather.heavyrainshowers": "Heavy rain showers",
  "weather.heavyrainshowersandthunder": "Heavy rain showers and thunder",
  "weather.heavysleet": "Heavy sleet",
  "weather.heavysleetandthunder": "Heavy sleet and thunder",
  "weather.heavysleetshowers": "Heavy sleet showers",
  "weather.heavysleetshowersandthunder": "Heavy sleet showers and thunder",
  "weather.heavysnow": "Heavy snow",
  "weather.heavysnowandthunder": "Heavy snow and thunder",
  "weather.heavysnowshowers": "Heavy snow showers",
  "weather.heavysnowshowersandthunder": "Heavy snow showers and thunder",
  "weather.lightrain": "Light rain",
  "weather.lightrainandthunder": "Light rain and thunder",
  "weather.lightrainshowers": "Light rain showers",
  "weather.lightrainshowersandthunder": "Light rain showers and thunder",
  "weather.lightsleet": "Light sleet",
  "weather.lightsleetandthunder": "Light sleet and thunder",
  "weather.lightsleetshowers": "Light sleet showers",
  "weather.lightsnow": "Light snow",
  "weather.lightsnowandthunder": "Light snow and thunder",
  "weather.lightsnowshowers": "Light snow showers",
  "weather.lightssleetshowersandthunder": "Light sleet showers and thunder",
  "weather.lightssnowshowersandthunder": "Light snow showers and thunder",
  "weather.partlycloudy": "Partly cloudy",
  "weather.rain": "Rain",
  "weather.rainandthunder": "Rain and thunder",
  "weather.rainshowers": "Rain showers",
  "weather.rainshowersandthunder": "Rain showers and thunder",
  "weather.sleet": "Sleet",
  "weather.sleetandthunder": "Sleet and thunder",
  "weather.sleetshowers": "Sleet showers",
  "weather.sleetshowersandthunder": "Sleet showers and thunder",
  "weather.snow": "Snow",
  "weather.snowandthunder": "Snow and thunder",
  "weather.snowshowers": "Snow showers",
  "weather.snowshowersandthunder": "Snow showers and thunder"
}
